Refinement,Elements,L2 Error
1,16,0.8770580193070292
2,64,0.726249973762646
3,256,0.6266357903863323
4,1024,0.5866930335331504
